alpha,alpha_gen,beta,beta_gen,bic,gamma,gamma_gen,lam,lam_gen,model,nll,subject
0.6384026729104281,0.8438023626474559,0.9942873183101733,0.5912193573663221,476.3162161153349,,,,,eu,232.74200765546303,0-eu
0.9552970724010936,,0.2861431326562403,2.1575953963278645,478.48508951501395,,,,,eu,233.82644435530256,0-gaze-baseline-dyn
1.661052072254521,,0.003741714106688,6.652314601141089,504.05432635899166,,,,,eu,246.6110627772914,0-gaze-baseline-stat
0.6320339992639228,0.7694423100368518,1.2462661326615756,0.8282409557904871,463.69996764929766,,,,,eu,226.4338834224444,0-pt
0.4088743121684229,0.4022226821043201,4.880764370811619,5.220320524130496,339.10440768322735,,,,,eu,164.13610343940925,1-eu
0.3491969131183415,,1.346176516073858,0.7684205702762748,488.03855096987303,,,,,eu,238.6031750827321,1-gaze-baseline-dyn
0.6213631929734834,,0.4127488940331794,8.895561780994154,490.90192050865363,,,,,eu,240.0348598521224,1-gaze-baseline-stat
0.3725061642561802,0.402222783143851,6.475682405528257,5.220323768193317,324.2428396140328,,,,,eu,156.70531940481197,1-pt
0.0653823110048197,0.0585166580523426,16.185481058021185,15.636891988538746,359.6050978791507,,,,,eu,174.38644853737094,10-eu
0.0,,1.7025829134783974,1.4342571464305418,497.6785939938614,,,,,eu,243.42319659472628,10-gaze-baseline-dyn
0.0,,2.5761717353330456,5.904793452182461,488.76563839446646,,,,,eu,238.9667187950288,10-gaze-baseline-stat
0.0510142341663385,0.0585176413513436,14.288277581886137,15.637056112012392,362.9376508726464,,,,,eu,176.05272503411877,10-pt
0.2624966181203245,0.2827413568558333,10.532619125842777,10.753013320728677,340.5345170915435,,,,,eu,164.85115814356732,11-eu
0.3325731849603898,,1.5280016150955344,1.2808586694797828,486.4599990348195,,,,,eu,237.81389911520532,11-gaze-baseline-dyn
0.4317312430525363,,1.094927441965748,8.11208943150071,485.34291407138295,,,,,eu,237.25535663348705,11-gaze-baseline-stat
0.284667174673159,0.2827417161335148,11.026957213391007,10.752997283714455,317.4489140955398,,,,,eu,153.30835664556548,11-pt
0.2898913816117733,0.2898150278282563,15.641989972515283,13.521899404601356,320.30168921019146,,,,,eu,154.7347442028913,12-eu
0.6120207060427577,,0.5421023502145369,0.7959444286177371,497.3653330403427,,,,,eu,243.26656611796693,12-gaze-baseline-dyn
0.5450498683420275,,0.7231742977546146,5.11531961975141,496.4359973350054,,,,,eu,242.8018982652983,12-gaze-baseline-stat
0.2893330575697528,0.2898591299510095,13.51260521796333,13.496066054422936,341.7574920349807,,,,,eu,165.46264561528594,12-pt
0.8397844846037738,0.8317184464564858,2.862268923969739,2.7298540109079523,366.8834502276638,,,,,eu,178.02562471162747,13-eu
0.8421227149531236,,1.903218827857672,1.1507883760458113,428.2022265741986,,,,,eu,208.6850128848949,13-gaze-baseline-dyn
0.8656566490639557,,0.6025613740573855,8.83982466197098,494.5189177869183,,,,,eu,241.84335849125472,13-gaze-baseline-stat
0.7821088110633947,0.7880774048122124,2.553055249773244,3.37435060358351,406.7435564830766,,,,,eu,197.95567783933387,13-pt
0.9314626440976638,0.873709833052336,0.6255702404210631,0.5680517862063825,464.6594483999812,,,,,eu,226.9136237977862,14-eu
0.0,,0.2206023815728318,1.2371747197000509,505.07619699681277,,,,,eu,247.12199809620196,14-gaze-baseline-dyn
1.69954351727984,,0.0046816394929734,4.839539285554218,503.6812593863325,,,,,eu,246.42452929096183,14-gaze-baseline-stat
0.7886011785639377,0.4397550624252631,0.6486179089292542,12.555762869232613,488.7941760918968,,,,,eu,238.980987643744,14-pt
0.2380880743087552,0.2453352784162489,9.983711206989764,8.500983274219447,395.7812081163714,,,,,eu,192.47450365598127,15-eu
0.3707106027007318,,1.409899114570672,1.2981952621179538,485.0904444058741,,,,,eu,237.12912180073263,15-gaze-baseline-dyn
0.3334223553610134,,1.0229952699376503,5.839472097006648,496.88221625474154,,,,,eu,243.02500772516635,15-gaze-baseline-stat
0.2638862317375992,0.2453356588902738,7.317695974325577,8.501004908117357,407.7038619666202,,,,,eu,198.43583058110568,15-pt
1.052740596278789,1.0467241756294778,1.1181092263976038,1.1991017818469196,358.6543698809208,,,,,eu,173.91108453825598,16-eu
1.055700116967454,,0.7081227466139006,2.0801354349738763,427.0921096655133,,,,,eu,208.12995443055223,16-gaze-baseline-dyn
1.19697275727455,,0.1358472699047049,4.998760426100443,491.9750016278763,,,,,eu,240.57140041173372,16-gaze-baseline-stat
1.0605191360787294,0.6777391216421962,0.8880901810812073,8.439788432393728,391.4302087368728,,,,,eu,190.299003966232,16-pt
0.4501746137781527,0.4657626089636168,3.0591782916903605,4.000443846454459,432.24525086960034,,,,,eu,210.70652503259575,17-eu
0.6194451044918204,,0.6099094625427384,0.9360759628792892,493.42464790768935,,,,,eu,241.29622355164025,17-gaze-baseline-dyn
0.6335777576431023,,0.5024295784643688,7.633593779348207,496.3193408854352,,,,,eu,242.7435700405132,17-gaze-baseline-stat
0.5424157024902261,0.3709357123194476,3.09410961750138,11.84493420641816,387.98509583618613,,,,,eu,188.57644751588865,17-pt
0.4840080049646877,0.459494026636538,11.56629216804646,12.193105093669988,267.1173188698648,,,,,eu,128.14255903272797,18-eu
0.4595077960590039,,3.113060644640893,0.7912501265320757,446.0927212549179,,,,,eu,217.63026022525452,18-gaze-baseline-dyn
0.660190954061897,,1.265570839726989,8.336874045930232,469.55022597301286,,,,,eu,229.359012584302,18-gaze-baseline-stat
0.4698266336060013,0.4097109343774081,14.517412088201066,19.860678241518315,236.595705971235,,,,,eu,112.88175258341307,18-pt
0.9084970674127087,0.9379717005538728,0.5877091454419818,0.5516483175253851,448.1232412584239,,,,,eu,218.64552022700752,19-eu
0.78812819230313,,0.2676417968526292,0.937204317818266,499.7879575975366,,,,,eu,244.47787839656388,19-gaze-baseline-dyn
1.2213885568183735,,0.0580390692923204,7.783433100009985,495.5898739429394,,,,,eu,242.37883656926527,19-gaze-baseline-stat
1.0740637873916066,0.5794995494147482,0.1975890219732701,4.052154605644132,474.9800808360243,,,,,eu,232.07394001580772,19-pt
0.1473799924089607,0.1462976355434158,26.95032894817899,29.88974349607064,273.5747908289822,,,,,eu,131.37129501228668,2-eu
0.4139121422017969,,0.2939600412074884,0.8146748256383369,503.80948779457316,,,,,eu,246.48864349508216,2-gaze-baseline-dyn
0.0,,1.8029181235321896,5.8146260363952535,496.8022611045721,,,,,eu,242.98503015008163,2-gaze-baseline-stat
0.1504442945233928,0.1463077306997271,31.93929146666133,30.00289283889281,246.5916282495179,,,,,eu,117.87971372255453,2-pt
0.2460435834331838,0.2430705339524448,22.415906892160177,27.497345129461767,266.84725500063325,,,,,eu,128.0075270981122,20-eu
0.2447365352173851,,12.51111610351348,3.075966017921422,356.73724113337687,,,,,eu,172.952520164484,20-gaze-baseline-dyn
0.036241330665907,,1.7716642258008244,4.143555287347708,496.3790605021291,,,,,eu,242.77342984886013,20-gaze-baseline-stat
0.249278443428616,0.2430705077440896,25.155606829151463,27.574121348221983,245.2794747511982,,,,,eu,117.22363697339468,20-pt
0.8020559273324681,0.8256959985765472,1.1497423586418245,1.2134934594335964,403.77045782631313,,,,,eu,196.46912851095215,21-eu
0.9421481358285309,,0.6117877599228716,2.5934627854867016,412.31756263567206,,,,,eu,200.7426809156316,21-gaze-baseline-dyn
0.880491100108669,,0.2084985919656125,8.345069234881178,496.33256728316115,,,,,eu,242.75018323937616,21-gaze-baseline-stat
0.8892254629613092,0.4614001526363385,0.8569535525059875,15.42804920659817,395.9314745546846,,,,,eu,192.54963687513788,21-pt
0.2162295078601146,0.2109987815600436,6.838677578136481,8.31490598560876,431.25332598141506,,,,,eu,210.2105625885031,22-eu
0.2432591972655984,,2.0523726680065204,1.2829496689911997,488.20152400831506,,,,,eu,238.6846616019531,22-gaze-baseline-dyn
0.0,,1.3676877513417018,5.309033715327397,500.2870509844617,,,,,eu,244.72742509002643,22-gaze-baseline-stat
0.1942282547549128,0.2109992300346638,7.77174574114607,8.314900145040697,423.9093420714094,,,,,eu,206.53857063350029,22-pt
1.0980851488858718,1.1391821563299944,1.0604800468426334,0.8797087920141552,334.24743785091476,,,,,eu,161.70761852325296,23-eu
1.1539812379539152,,0.2629745375217086,0.9677566666585444,474.40580443309847,,,,,eu,231.7868018143448,23-gaze-baseline-dyn
1.9605721870997523,,0.0017559928933713,5.407996510497746,503.5236881847261,,,,,eu,246.34574369015863,23-gaze-baseline-stat
1.290695173604134,1.1391803593505805,0.5265842505811738,0.8797157788529822,296.5065069703881,,,,,eu,142.83715308298963,23-pt
0.2708301119479576,0.2664344620845438,17.621784463587957,17.16138928032812,300.68927286723937,,,,,eu,144.92853603141526,24-eu
0.2208057964382504,,1.9363763694214944,1.5162564670912744,489.61993678699923,,,,,eu,239.3938679912952,24-gaze-baseline-dyn
0.0,,0.0935180284967627,7.094983856955301,505.1829965568851,,,,,eu,247.17539787623812,24-gaze-baseline-stat
0.269171490559132,0.2664344024885666,17.48395090149736,17.161537070697648,302.20923092110246,,,,,eu,145.6885150583468,24-pt
0.3446639754312297,0.3293053422775512,6.327110327995454,6.560475781999901,366.8012150023008,,,,,eu,177.98450709894598,26-eu
0.3322723016457553,,5.329024572033108,2.692923499682729,396.3828733024367,,,,,eu,192.77533624901392,26-gaze-baseline-dyn
0.2123037042748057,,0.2866571394645971,4.477165889601494,504.82022836391366,,,,,eu,246.9940137797524,26-gaze-baseline-stat
0.3658110885308995,0.2534364928934169,5.1765017342630575,21.755127013623817,381.24588624293756,,,,,eu,185.20684271926436,26-pt
0.2553216963808118,0.2405830085518957,11.873486061582463,12.958706197217346,353.7940293978569,,,,,eu,171.48091429672402,27-eu
0.2404858574534453,,1.775318680656383,0.9965818057275536,491.14275750471603,,,,,eu,240.1552783501536,27-gaze-baseline-dyn
0.0256052837946021,,0.6237034595391416,4.850291731275704,504.09806109908715,,,,,eu,246.63293014733915,27-gaze-baseline-stat
0.2549508828429981,0.2405829656107566,13.450277830748522,12.95865250408305,336.4439771036655,,,,,eu,162.80588814962832,27-pt
0.440269044669928,0.4000893849811648,3.710670033329561,4.324361161312236,411.306584669069,,,,,eu,200.2371919323301,3-eu
0.393394786516391,,2.874840657604357,1.5840047707164235,451.1314680924293,,,,,eu,220.14963364401024,3-gaze-baseline-dyn
0.6693099857198842,,0.6592589109107724,7.780741773339563,484.68049365163824,,,,,eu,236.9241464236147,3-gaze-baseline-stat
0.4196325477018602,0.2772136937271848,5.279585330265012,50.0,376.23868113713223,,,,,eu,182.7032401663617,3-pt
0.3148632128850737,0.3129017866095324,19.105377706928167,20.73271651109641,265.4831373403644,,,,,eu,127.32546826797778,30-eu
0.4270571651731781,,0.7908877961977224,0.6508806205587653,499.7313887528305,,,,,eu,244.44959397421084,30-gaze-baseline-dyn
0.486775113293387,,0.0,2.7015870365031667,505.20638070708316,,,,,eu,247.18708995133716,30-gaze-baseline-stat
0.3112829618763802,0.3129019424431061,16.872689949870797,20.732720199869952,287.7847531498022,,,,,eu,138.47627617269669,30-pt
0.0548614550949153,0.0521790107434067,49.9765267626774,49.944977950781926,146.49815417538287,,,,,eu,67.83297668548701,31-eu
0.0,,11.598485018594658,3.1569753995395664,356.69366758070953,,,,,eu,172.93073338815034,31-gaze-baseline-dyn
0.0,,1.2437435780429862,6.992874960679613,501.1226508576933,,,,,eu,245.14522502664224,31-gaze-baseline-stat
0.0439749785111108,0.0522094597060603,41.72412745111398,50.0,165.122054966946,,,,,eu,77.14492708126858,31-pt
1.1734696644342215,1.1712145587822285,0.840026117444572,0.8824029077691374,339.3591452171659,,,,,eu,164.26347220637854,32-eu
0.0060481828697898,,0.0,0.3394967153862513,505.20638070708316,,,,,eu,247.18708995133716,32-gaze-baseline-dyn
0.3546584462945086,,0.3027018081002844,1.3153576653955958,504.4544879175389,,,,,eu,246.81114355656504,32-gaze-baseline-stat
1.1454735647714356,1.1712148922215586,0.8581255364358539,0.8824016537352948,360.18800138312616,,,,,eu,174.67790028935866,32-pt
0.5617169368702707,0.5733197961247086,5.3352079424975045,4.968995843022225,375.1058318991676,,,,,eu,182.13681554737937,33-eu
0.5626496112492695,,0.3301914154401971,0.8763752313685167,503.85659821219855,,,,,eu,246.51219870389485,33-gaze-baseline-dyn
0.5847824680325765,,0.0,4.559564110340064,505.20638070708316,,,,,eu,247.18708995133716,33-gaze-baseline-stat
0.5689117805736625,0.5035245640680424,4.968014240160411,9.176392301461494,382.6235362573595,,,,,eu,185.89566772647532,33-pt
0.7106297982027378,0.644869385973893,2.3791468556103506,2.7343117443582257,329.6479877329336,,,,,eu,159.40789346426237,34-eu
0.6297294253967172,,0.5470715635929609,0.7374192871055655,495.5255478696732,,,,,eu,242.34667353263217,34-gaze-baseline-dyn
0.7282935062822584,,0.2792821301544909,5.621322290512603,499.62063957638264,,,,,eu,244.3942193859869,34-gaze-baseline-stat
0.6178724567039476,0.6419170050299631,3.2209738667508976,2.7770622785536223,341.5062021205105,,,,,eu,165.33700065805084,34-pt
0.2580537302025626,0.254216379652407,8.423747841517592,8.589790751985792,400.151610726257,,,,,eu,194.65970496092407,35-eu
0.6445538999808337,,0.0639300433851395,0.4673254192390744,504.92507358335126,,,,,eu,247.0464363894712,35-gaze-baseline-dyn
0.6905036423818369,,0.0376779298103613,3.1640340408044167,505.06115172793955,,,,,eu,247.11447546176535,35-gaze-baseline-stat
0.2209731950481096,0.2542164396838136,8.139939320998606,8.58980762168464,410.04364114794197,,,,,eu,199.60572017176656,35-pt
0.1505381243071699,0.1470840042162613,28.85784788753131,27.648960494814336,304.3172187213009,,,,,eu,146.74250895844602,36-eu
0.3036634211439418,,0.6955857931331706,1.899217831935884,500.4451481835211,,,,,eu,244.80647368955613,36-gaze-baseline-dyn
0.3515663855128954,,0.7076262656648216,5.775473785538468,497.627875301893,,,,,eu,243.3978372487421,36-gaze-baseline-stat
0.1501774127819778,0.1470836518615449,24.934923822213225,27.64898120590922,327.1449677962085,,,,,eu,158.15638349589983,36-pt
0.5020211772205534,0.5085543802819348,2.4351498030476177,3.4183546967688434,462.2049954948946,,,,,eu,225.68639734524288,37-eu
0.6820293780397261,,0.9969818967272008,1.2455861496045533,483.46542385334004,,,,,eu,236.3166115244656,37-gaze-baseline-dyn
0.6552449014006645,,0.4681554059781724,6.620788947761238,500.7791401140193,,,,,eu,244.97346965480523,37-gaze-baseline-stat
0.5104645159003925,0.3541503749405873,4.811459453300139,47.69048795299546,401.80675736374405,,,,,eu,195.4872782796676,37-pt
1.055520855419573,1.0479232304694648,1.5444168495522752,1.428735775356979,366.2847188756123,,,,,eu,177.72625903560174,38-eu
1.3525368670359286,,0.1617375995729026,1.1660557525468682,463.00922010581854,,,,,eu,226.08850965070485,38-gaze-baseline-dyn
1.3185896494296458,,0.126727748981167,7.550364703585643,484.41769270717947,,,,,eu,236.7927459513853,38-gaze-baseline-stat
1.0325309565244192,0.8074221560786377,1.4864623648577016,4.034852471878214,393.1350108194886,,,,,eu,191.1514050075399,38-pt
1.4512748725701718,1.6216648021572326,0.1725671733209884,0.0991684207165965,387.81316540002706,,,,,eu,188.4904822978091,39-eu
1.6193385495746149,,0.0154408654354472,1.065235901843076,497.99315558683026,,,,,eu,243.5804773912107,39-gaze-baseline-dyn
2.613153155750619,,0.0002978480676192,5.283236553417951,495.96264041290027,,,,,eu,242.56521980424571,39-gaze-baseline-stat
1.6464337394857904,1.6216659478797095,0.0902777127605136,0.0991679376206114,373.1500946930882,,,,,eu,181.15894694433968,39-pt
0.352078432708827,0.3935879183003801,4.84772481204913,3.026503176054454,408.51957190546466,,,,,eu,198.8436855505279,4-eu
0.2403150504297825,,1.5893420307135784,0.8339318594741514,494.22215365404685,,,,,eu,241.694976424819,4-gaze-baseline-dyn
0.4934937291607519,,0.4328567376891125,4.796546893528863,501.0657486656634,,,,,eu,245.1167739306273,4-gaze-baseline-stat
0.4502939516158979,0.3935879190096814,2.628870974915769,3.026507879343053,424.6168243815746,,,,,eu,206.89231178858287,4-pt
0.644699423024086,0.7008334620519882,0.8898430006793853,0.7430012248854967,452.6143294763815,,,,,eu,220.9318863305066,41-eu
0.5587067727009835,,0.9289320386485038,1.2136785650096904,466.6552709008872,,,,,eu,227.95235704275944,41-gaze-baseline-dyn
0.6604890114508922,,0.3943067441547679,6.0801170949253205,477.449825453168,,,,,eu,233.34963431889983,41-gaze-baseline-stat
0.5874806401418021,0.7008333530517562,1.1469959084793468,0.7430014959974113,451.4964458573351,,,,,eu,220.3729445209834,41-pt
1.1017052531876388,0.9789161580894136,0.2166183476521493,0.4392965690522843,486.1355205772423,,,,,eu,237.65165988641672,42-eu
1.048375757959935,,0.2202006342350097,1.566090972148022,492.5460215621334,,,,,eu,240.85691037886227,42-gaze-baseline-dyn
0.5446096744364314,,0.7617917978448868,5.403144122628858,498.3796225776712,,,,,eu,243.7737108866312,42-gaze-baseline-stat
0.9683970905540304,0.5776994748996027,0.6633938745721009,4.053178545048437,453.4844839981416,,,,,eu,221.3261415968664,42-pt
1.1883518198759124,1.0669044555028406,0.4617178984411203,0.7150495757864478,434.06271551813956,,,,,eu,211.61525735686536,43-eu
1.0475084235431231,,0.3210517476395725,1.0697030846577684,494.8471512298826,,,,,eu,242.0074752127369,43-gaze-baseline-dyn
1.4118997288059856,,0.0161931959949978,5.446606038668586,504.2142365471513,,,,,eu,246.69101787137123,43-gaze-baseline-stat
1.0332508892120933,1.0669027217329816,0.8840048683311602,0.7150605320646904,448.12537585013064,,,,,eu,218.6465875228609,43-pt
0.1567023977832757,0.1751013179016467,18.349844030773426,17.081780107225107,369.4767672436794,,,,,eu,179.32228321963527,5-eu
0.1969394474474333,,5.221062225235458,2.4444125383921813,450.01880563941813,,,,,eu,219.59330241750465,5-gaze-baseline-dyn
0.4040958517234314,,0.5160397525749786,3.929126611244735,500.1916715123812,,,,,eu,244.6797353539862,5-gaze-baseline-stat
0.1585252563224427,0.1750321945665096,20.310747123604497,17.14475078817873,359.5669203836598,,,,,eu,174.36735978962548,5-pt
1.0150569410997188,1.0111166050513731,2.788423942562866,2.5971971789674257,223.61368206251814,,,,,eu,106.39966925979896,6-eu
1.0394062564407116,,0.6875086836310949,1.727774765053838,426.5812598945925,,,,,eu,207.88345817583613,6-gaze-baseline-dyn
1.0848439541534671,,0.1440160418058387,4.108056738821963,494.3275952399895,,,,,eu,241.7566258485346,6-gaze-baseline-stat
1.039524888706196,0.8615907681102339,2.306055767572203,5.045087893378423,228.53330306755214,,,,,eu,108.85947976231596,6-pt
1.0669563953017664,1.0843453800556602,1.0678938094433044,0.9974613197912648,358.61310142224136,,,,,eu,173.89045030891626,7-eu
1.241264698123984,,0.1353130993426856,0.6740448251009643,485.894183415936,,,,,eu,237.5309913057636,7-gaze-baseline-dyn
1.4220736157546512,,0.0194256415779241,5.65374942963449,503.085392713814,,,,,eu,246.12659595470257,7-gaze-baseline-stat
1.032251794429474,0.8148753056489892,1.5397761282740705,3.4572620281730004,324.88999198416326,,,,,eu,157.0288955898772,7-pt
0.1732216642957259,0.164932914913272,14.117026730739424,19.145785378750883,377.5224312653568,,,,,eu,183.34511523047397,8-eu
0.1764472670882278,,1.715815545959378,1.2319964964222891,494.96270496315043,,,,,eu,242.0652520793708,8-gaze-baseline-dyn
0.3344701932229605,,0.438159899000131,4.149588353871193,503.6943355548886,,,,,eu,246.43106737523988,8-gaze-baseline-stat
0.1684324626986958,0.1649343020381339,23.491259486802782,19.14808889648113,310.645387819952,,,,,eu,149.9065935077716,8-pt
0.2898454885976725,0.2621882115973978,11.091374892013318,14.000493906638829,352.1476467907851,,,,,eu,170.65772299318812,9-eu
0.2807675729523886,,3.2074129562986737,2.888440100239191,465.48955215633384,,,,,eu,227.3286756759625,9-gaze-baseline-dyn
0.4481875389645359,,0.9018440592797718,9.873668723940826,494.04105304701005,,,,,eu,241.6044261213006,9-gaze-baseline-stat
0.288042719431165,0.2621886114708196,13.913962994835767,14.00044782929071,319.78526744391905,,,,,eu,154.4765333197551,9-pt
0.518656042896979,0.8438023626474559,2.069554425254435,0.5912193573663221,480.90408637633413,0.7161570812263809,,,,pt,232.32789258486045,0-eu
0.9552960711560772,,0.286144639921881,2.1575953963278645,483.9011899173552,1.0,,,,pt,233.826444355371,0-gaze-baseline-dyn
1.0018402192381946,,0.0566730212604163,6.652314601141089,509.285090997305,0.5100309459112977,,,,pt,246.5183948953459,0-gaze-baseline-stat
0.6320338119704617,0.7694423100368518,1.2462772553376205,0.8282409557904871,469.11606805394587,1.0,0.8916031959047591,,,pt,226.43388342366632,0-pt
0.3863689967493361,0.4022226821043201,5.675591646383637,5.220320524130496,344.38013062361927,0.8853098481394791,,,,pt,164.06591470850302,1-eu
0.3491966207505646,,1.3461779661427358,0.7684205702762748,493.45465137206145,1.0,,,,pt,238.6031750827241,1-gaze-baseline-dyn
0.6213638833319155,,0.4127474386038419,8.895561780994154,496.31802091087,1.0,,,,pt,240.0348598521284,1-gaze-baseline-stat
0.3725058379249362,0.402222783143851,6.475712049516988,5.220323768193317,329.6589400168627,1.0,1.0,,,pt,156.70531940512473,1-pt
0.0660754526283124,0.0585166580523426,16.42397138894133,15.636891988538746,365.01939248132004,1.0,,,,pt,174.3855456373534,10-eu
0.0,,8.752049539926093,1.4342571464305418,502.77063349424094,0.3079412846610225,,,,pt,243.26116614381385,10-gaze-baseline-dyn
0.0,,17.171589598324978,5.904793452182461,491.5769287200535,0.28,,,,pt,237.66431375672013,10-gaze-baseline-stat
0.0485070519233536,0.0585176413513436,17.337748587800167,15.637056112012392,367.8610229535688,0.7795525432403622,1.0,,,pt,175.8063608734778,10-pt
0.2624968573464538,0.2827413568558333,10.532663852580328,10.753013320728677,345.9506174913337,1.0,,,,pt,164.85115814236022,11-eu
0.3325749940057704,,1.5279908571904648,1.2808586694797828,491.87609943731985,1.0,,,,pt,237.8138991153533,11-gaze-baseline-dyn
0.2564631341183602,,11.1494736527493,8.11208943150071,484.28655411602546,0.3206555530509291,,,,pt,234.0191264547061,11-gaze-baseline-stat
0.2846671341622712,0.2827417161335148,11.026967619312234,10.752997283714455,322.86501449772334,1.0,1.0,,,pt,153.30835664555505,11-pt
0.2898914343525741,0.2898150278282563,15.642016715558755,13.521899404601356,325.7177896123663,1.0,,,,pt,154.73474420287653,12-eu
0.5235331970841363,,0.9577760596897048,0.7959444286177371,502.63348997705924,0.7549188130577156,,,,pt,243.192594385223,12-gaze-baseline-dyn
0.5450432461139262,,0.723214763267598,5.11531961975141,501.85209772282633,1.0,,,,pt,242.80189825810655,12-gaze-baseline-stat
0.2868185112184667,0.2898591299510095,13.756416911057244,13.496066054422936,347.1615844150408,0.9792746120068232,1.0,,,pt,165.4566416042138,12-pt
0.7827929228994913,0.8317184464564858,3.7748919916621033,2.7298540109079523,370.7699315019563,0.8954963228444097,,,,pt,177.26081514767154,13-eu
0.740536724479905,,3.1672726749407696,1.1507883760458113,430.32041798421443,0.8269228358046046,,,,pt,207.0360583888006,13-gaze-baseline-dyn
0.8656574136169994,,0.6025596747465548,8.83982466197098,499.9350181890817,1.0,,,,pt,241.84335849123423,13-gaze-baseline-stat
0.7821086353880902,0.7880774048122124,2.553051529892138,3.37435060358351,412.1596568849078,1.0,0.9163473429216288,,,pt,197.95567783914728,13-pt
0.931463130320712,0.873709833052336,0.6255664386439522,0.5680517862063825,470.07554880143084,1.0,,,,pt,226.9136237974088,14-eu
0.3391639572858403,,8.775334225489612,1.2371747197000509,504.40592040879045,0.28,,,,pt,244.0788096010886,14-gaze-baseline-dyn
0.472315648455222,,2.752448906823776,4.839539285554218,506.2602304087674,0.3679115532660801,,,,pt,245.0059646010771,14-gaze-baseline-stat
0.4100895754448919,0.4397550624252631,15.09516008983388,12.555762869232613,450.3061040460623,0.3753817875887117,0.4040377840735808,,,pt,217.02890141972452,14-pt
0.2380884378198849,0.2453352784162489,9.983746659040571,8.500983274219447,401.1973085205297,1.0,,,,pt,192.47450365695823,15-eu
0.3707108163841619,,1.409899790425605,1.2981952621179538,490.5065448079901,1.0,,,,pt,237.12912180068844,15-gaze-baseline-dyn
0.3334223299953736,,1.022997680590311,5.839472097006648,502.2983166569256,1.0,,,,pt,243.02500772515617,15-gaze-baseline-stat
0.2477458995128656,0.2453356588902738,8.477606100075224,8.501004908117357,412.8523818726131,0.850559119338058,1.0,,,pt,198.30204033299992,15-pt
1.0527369848667385,1.0467241756294778,1.118139576056559,1.1991017818469196,364.0704703011622,1.0,,,,pt,173.91108454727447,16-eu
0.688754264305589,,4.499671767923009,2.0801354349738763,410.7624062478278,0.6249303052371523,,,,pt,197.2570525206073,16-gaze-baseline-dyn
0.7023568903239354,,1.4354905826547688,4.998760426100443,494.2461455076617,0.5801678497826277,,,,pt,238.99892215052424,16-gaze-baseline-stat
0.6647674039291993,0.6777391216421962,6.982077026489587,8.439788432393728,357.293293802001,0.5886092223162158,0.6106278076453806,,,pt,170.5224962976939,16-pt
0.41882402559595,0.4657626089636168,3.804647440244181,4.000443846454459,437.42855197449154,0.8553627504361797,,,,pt,210.59012538393915,17-eu
0.372921711102915,,4.839807314001011,0.9360759628792892,494.1740280253879,0.4176018588598795,,,,pt,238.96286340938732,17-gaze-baseline-dyn
0.337894491458009,,8.11367283566032,7.633593779348207,494.2711602271538,0.3343516865184102,,,,pt,239.0114295102703,17-gaze-baseline-stat
0.415145757861438,0.3709357123194476,9.005797439011465,11.84493420641816,383.5391599714371,0.5522913159658118,0.4980418729318721,,,pt,183.64542938241192,17-pt
0.4789291369209008,0.459494026636538,11.97087273041693,12.193105093669988,272.5288123260504,0.9757976829020828,,,,pt,128.14025555971858,18-eu
0.4594127617454361,,3.115159036238389,0.7912501265320757,451.5088104597749,1.0,,,,pt,217.63025462658084,18-gaze-baseline-dyn
0.6601890909688991,,1.2655682195064764,8.336874045930232,474.9663263782158,1.0,,,,pt,229.35901258580128,18-gaze-baseline-stat
0.4111822094085366,0.4097109343774081,26.58344826200237,19.860678241518315,231.02099863328965,0.6476991019139778,0.6915114914895225,,,pt,107.3863487133382,18-pt
0.9084983850981072,0.9379717005538728,0.5877060975188455,0.5516483175253851,453.539341660626,1.0,,,,pt,218.6455202270064,19-eu
0.5594603941057074,,1.0962853706763198,0.937204317818266,504.28010753165483,0.585304698902746,,,,pt,244.0159031625208,19-gaze-baseline-dyn
1.221389410516598,,0.0580389324605777,7.783433100009985,501.00597434514435,1.0,,,,pt,242.37883656926556,19-gaze-baseline-stat
0.5296846408252225,0.5794995494147482,3.843945776986357,4.052154605644132,473.4458865272528,0.4723135444703177,0.5598305972002818,,,pt,228.5987926603198,19-pt
0.1473797250229966,0.1462976355434158,26.950204839294518,29.88974349607064,278.99089122872147,1.0,,,,pt,131.37129501105412,2-eu
0.2869801836627734,,3.3874095804373137,0.8146748256383369,508.63633451983964,0.28,,,,pt,246.1940166566132,2-gaze-baseline-dyn
0.0,,1.8029196412408717,5.8146260363952535,502.2183615067682,1.0,,,,pt,242.98503015007748,2-gaze-baseline-stat
0.1504378316246034,0.1463077306997271,31.7118527668018,30.00289283889281,252.0118441369788,1.0,1.0,,,pt,117.88177146518277,2-pt
0.2460436391398859,0.2430705339524448,22.415903086870586,27.497345129461767,272.26335540283816,1.0,,,,pt,128.00752709811246,20-eu
0.2447374693878719,,12.511186186090306,3.075966017921422,362.1533415397471,1.0,,,,pt,172.95252016656693,20-gaze-baseline-dyn
0.1313780954971634,,8.511807993290116,4.143555287347708,501.23794823557773,0.3278717775507678,,,,pt,242.49482351448225,20-gaze-baseline-stat
0.2492504557919345,0.2430705077440896,25.42522557653828,27.574121348221983,250.68592114085865,1.0,1.0,,,pt,117.2188099671227,20-pt
0.7618855206419589,0.8256959985765472,1.3888074726369442,1.2134934594335964,409.131249713645,0.9348378407533195,,,,pt,196.44147425351588,21-eu
0.4879318996091062,,9.614757397085665,2.5934627854867016,388.78489858440753,0.4668378907988534,,,,pt,186.26829868889715,21-gaze-baseline-dyn
0.5033515281946842,,1.996478143278838,8.345069234881178,499.4851444856065,0.5007721084492676,,,,pt,241.61842163949663,21-gaze-baseline-stat
0.4510455310159781,0.4614001526363385,16.683442999257462,15.42804920659817,345.4556968005421,0.4303177336875354,0.4621975038751089,,,pt,164.60369779696444,21-pt
0.2162290184276896,0.2109987815600436,6.838633658646748,8.31490598560876,436.66942638173356,1.0,,,,pt,210.21056258756016,22-eu
0.2008027688795451,,4.572007051378852,1.2829496689911997,492.83229209994045,0.5517752420491695,,,,pt,238.2919954466636,22-gaze-baseline-dyn
0.0476973038486256,,6.16371244574595,5.309033715327397,504.6127517817166,0.3432248122962292,,,,pt,244.1822252875517,22-gaze-baseline-stat
0.1942286208840488,0.2109992300346638,7.771839086098063,8.314900145040697,429.3254424679389,1.0,1.0,,,pt,206.53857063066283,22-pt
1.0980867780375403,1.1391821563299944,1.0604690482838577,0.8797087920141552,339.6635382504382,1.0,,,,pt,161.70761852191248,23-eu
1.1539765879404231,,0.262982674059177,0.9677566666585444,479.8219048402802,1.0,,,,pt,231.78680181683347,23-gaze-baseline-dyn
1.9789486521047075,,0.0014860460531891,5.407996510497746,508.96559978999596,0.9173810649022056,,,,pt,246.35864929169136,23-gaze-baseline-stat
1.1903745379103907,1.1391803593505805,0.7691482353690534,0.8797157788529822,301.5376194329296,0.9011237734607525,1.0,,,pt,142.64465911315818,23-pt
0.2708298902856257,0.2664344620845438,17.621817913388373,17.16138928032812,306.10537326947326,1.0,,,,pt,144.92853603143,24-eu
0.220806384354971,,1.9363740017210829,1.5162564670912744,495.03603718921903,1.0,,,,pt,239.3938679913029,24-gaze-baseline-dyn
0.0,,0.0935193578952508,7.094983856955301,510.59909695908783,1.0,,,,pt,247.1753978762373,24-gaze-baseline-stat
0.2420245990203687,0.2664344024885666,22.228516504367363,17.161537070697648,304.92615555647546,0.7570105515185945,1.0,,,pt,144.33892717493111,24-pt
0.3371454578914818,0.3293053422775512,6.664214466413259,6.560475781999901,372.18927943001194,0.9527204413507352,,,,pt,177.97048911169935,26-eu
0.281062812321837,,9.05091699475781,2.692923499682729,399.62442394206397,0.6483223416998638,,,,pt,191.68806136772537,26-gaze-baseline-dyn
0.2031926469138651,,0.3181041678572274,4.477165889601494,510.2347218782993,0.9140933437600108,,,,pt,246.99321033584303,26-gaze-baseline-stat
0.2518456249195073,0.2534364928934169,29.79674467755337,21.755127013623817,361.6555823330889,0.3611319263691623,0.423768667449367,,,pt,172.70364056323783,26-pt
0.2328989551781232,0.2405830085518957,14.836842649785495,12.958706197217346,357.9180076377142,0.7825650628569737,,,,pt,170.83485321555048,27-eu
0.2404864263056746,,1.775315836173405,0.9965818057275536,496.5588579068865,1.0,,,,pt,240.15527835013663,27-gaze-baseline-dyn
0.09895034830967,,4.126017209806284,4.850291731275704,509.3108698183965,0.2917053018648364,,,,pt,246.53128430589163,27-gaze-baseline-stat
0.2549509263582285,0.2405829656107566,13.450272659357392,12.95865250408305,341.8600775058787,1.0,1.0,,,pt,162.80588814963272,27-pt
0.4402687448554397,0.4000893849811648,3.7106815724712456,4.324361161312236,416.7226850716215,1.0,,,,pt,200.23719193250415,3-eu
0.318695830148032,,6.61330915653568,1.5840047707164235,453.3697627138922,0.5683857105680145,,,,pt,218.5607307536395,3-gaze-baseline-dyn
0.415438853693064,,4.428412828196272,7.780741773339563,484.30117436042593,0.4489056826443437,,,,pt,234.02643657690635,3-gaze-baseline-stat
0.2891675166265971,0.2772136937271848,42.2090999663968,50.0,328.70527516896203,0.3416360153967062,0.3070510472921719,,,pt,156.2284869811744,3-pt
0.3148892004402835,0.3129017866095324,19.08528729555509,20.73271651109641,270.8993277964873,1.0,,,,pt,127.32551329493702,30-eu
0.4270585249421499,,0.790891895083938,0.6508806205587653,505.14748915530765,1.0,,,,pt,244.4495939743472,30-gaze-baseline-dyn
0.2374148563833971,,0.0,2.7015870365031667,510.62248110928755,0.2832449140972301,,,,pt,247.18708995133716,30-gaze-baseline-stat
0.3089876753321129,0.3129019424431061,17.12914756541013,20.732720199869952,293.18945419199684,0.9836149583872792,1.0,,,pt,138.4705764926918,30-pt
0.0548737166751041,0.0521790107434067,50.0,49.944977950781926,151.91235255668343,1.0,,,,pt,67.83202567503508,31-eu
0.0,,50.0,3.1569753995395664,346.9543768198564,0.3157473264729481,,,,pt,165.3530378066216,31-gaze-baseline-dyn
0.0,,8.08518452569683,6.992874960679613,506.3578750324508,0.28,,,,pt,245.0547869129188,31-gaze-baseline-stat
0.0407198413103072,0.0522094597060603,50.0,50.0,168.79117051210198,0.7489887377217211,1.0,,,pt,76.27143465274436,31-pt
1.145718791763107,1.1712145587822285,0.932043390574348,0.8824029077691374,344.71943233965425,0.9725153796208972,,,,pt,164.2355655665205,32-eu
0.9134279365029384,,0.2313319959017949,0.3394967153862513,508.85798201981703,0.28,,,,pt,246.3048404066019,32-gaze-baseline-dyn
0.3546609973265831,,0.3027084850785927,1.3153576653955958,509.87058831995046,1.0,,,,pt,246.8111435566686,32-gaze-baseline-stat
1.0124851434856983,1.1712148922215586,1.4474829357216026,0.8824016537352948,363.92746866124014,0.8668407207043825,1.0,,,pt,173.83958372731345,32-pt
0.5320296158101558,0.5733197961247086,6.427988197795161,4.968995843022225,379.93455646151364,0.8670582588107068,,,,pt,181.8431276274502,33-eu
0.4587450121769936,,0.974628965884007,0.8763752313685167,508.9440710885252,0.6071846069290998,,,,pt,246.347884940956,33-gaze-baseline-dyn
0.2925291987128449,,0.0,4.559564110340064,510.62248110928755,0.3348302505428366,,,,pt,247.18708995133716,33-gaze-baseline-stat
0.4806072008814743,0.5035245640680424,10.764159109398843,9.176392301461494,374.84385767269606,0.6128734624390944,0.6602230530057908,,,pt,179.2977782330414,33-pt
0.7106298720639986,0.644869385973893,2.379145780755621,2.7343117443582257,335.06408813513957,1.0,,,,pt,159.40789346426317,34-eu
0.6297310701391625,,0.5470691701012524,0.7374192871055655,500.94164827198387,1.0,,,,pt,242.34667353268532,34-gaze-baseline-dyn
0.6638499170118375,,0.3914314805775586,5.621322290512603,504.9977297430265,0.8646116842365775,,,,pt,244.37471426820665,34-gaze-baseline-stat
0.6142618082921719,0.6419170050299631,3.283400804479553,2.7770622785536223,346.9199059184135,0.9884369814015882,0.991108116355286,,,pt,165.33580235590014,34-pt
0.2580540917199621,0.254216379652407,8.423733393129687,8.589790751985792,405.56771112808974,1.0,,,,pt,194.65970496073825,35-eu
0.6445592938269746,,0.0639281556001181,0.4673254192390744,510.34117398536984,1.0,,,,pt,247.0464363893783,35-gaze-baseline-dyn
0.6905141286930231,,0.0376759780556434,3.1640340408044167,510.4772521304271,1.0,,,,pt,247.11447546190692,35-gaze-baseline-stat
0.191784144718614,0.2542164396838136,11.540631400392945,8.58980762168464,413.6653077238295,0.6826422059962077,1.0,,,pt,198.70850325860815,35-pt
0.1503081526509074,0.1470840042162613,29.430417802920974,27.648960494814336,309.7620763508091,1.0,,,,pt,146.75688757209792,36-eu
0.2088042032475838,,6.1183295348993045,1.899217831935884,504.61080012139666,0.3035194390355477,,,,pt,244.18124945739171,36-gaze-baseline-dyn
0.3515657591329622,,0.7076251089076422,5.775473785538468,503.0439757040728,1.0,,,,pt,243.3978372487298,36-gaze-baseline-stat
0.1438468655076664,0.1470836518615449,27.46174823757101,27.64898120590922,331.89502259551756,0.8831753928103057,1.0,,,pt,157.82336069445216,36-pt
0.5020227418848799,0.5085543802819348,2.43512798177787,3.4183546967688434,467.6210958979861,1.0,,,,pt,225.68639734568643,37-eu
0.384909211241512,,19.080813248255065,1.2455861496045533,441.5538635155817,0.3772502186055846,,,,pt,212.65278115448425,37-gaze-baseline-dyn
0.4009749992801126,,5.351307298866235,6.620788947761238,499.95906827465683,0.4171572826970994,,,,pt,241.8553835340218,37-gaze-baseline-stat
0.3696852681554152,0.3541503749405873,42.01366393021473,47.69048795299546,314.5301420189797,0.3962818406426873,0.3645717169416709,,,pt,149.14092040618323,37-pt
1.0555211914114029,1.0479232304694648,1.5444133526206385,1.428735775356979,371.70081927754694,1.0,,,,pt,177.72625903546685,38-eu
1.0241158706926472,,0.5929181575015808,1.1660557525468682,466.8807007189486,0.738051108722333,,,,pt,225.3161997561677,38-gaze-baseline-dyn
1.1884730508482129,,0.2070482408445037,7.550364703585643,489.7523286409537,0.8983975012686422,,,,pt,236.75201371717023,38-gaze-baseline-stat
0.7981795633685685,0.8074221560786377,4.065200910074846,4.034852471878214,381.06444817312155,0.7444524349592622,0.7385376625337426,,,pt,182.40807348325416,38-pt
1.4512739170995663,1.6216648021572326,0.1725679372095948,0.0991684207165965,393.22926580217563,1.0,,,,pt,188.4904822977812,39-eu
0.7657390847083667,,0.6495456900287486,1.065235901843076,502.5608941048445,0.4955304456370473,,,,pt,243.15629644911564,39-gaze-baseline-dyn
3.0440594033903854,,4.4095906918037695e-05,5.283236553417951,501.5835114726236,0.4423579449491518,,,,pt,242.6676051330052,39-gaze-baseline-stat
1.627924176927198,1.6216659478797095,0.0962571854874142,0.0991679376206114,378.56461284996914,0.9854042990621528,1.0,,,pt,181.15815582167795,39-pt
0.3428094177195661,0.3935879183003801,5.1929631664323335,3.026503176054454,413.9051482269443,0.9423640526791924,,,,pt,198.82842351016552,4-eu
0.2403172843325506,,1.58932310435545,0.8339318594741514,499.6382540571622,1.0,,,,pt,241.6949764252745,4-gaze-baseline-dyn
0.4934941157040706,,0.4328565327658883,4.796546893528863,506.481849067875,1.0,,,,pt,245.11677393063087,4-gaze-baseline-stat
0.4502984239539977,0.3935879190096814,2.6288134501746643,3.026507879343053,430.0329247872725,1.0,1.0,,,pt,206.89231179032964,4-pt
0.6446989726787542,0.7008334620519882,0.8898476186963004,0.7430012248854967,457.98960788446016,1.0,,,,pt,220.93188633070383,41-eu
0.5587073429720889,,0.928931490561686,1.2136785650096904,472.0305493085245,1.0,,,,pt,227.952357042736,41-gaze-baseline-dyn
0.6604873323816893,,0.3943102917094254,6.0801170949253205,482.8251038605856,1.0,,,,pt,233.34963431876656,41-gaze-baseline-stat
0.4101192776991169,0.7008333530517562,4.308749504323567,0.7430014959974113,452.61361175111267,0.54235537883925,1.0,,,pt,218.2438882640301,41-pt
0.9566793670521572,0.9789161580894136,0.3937014060008993,0.4392965690522843,491.4673636752835,0.865396298394367,,,,pt,237.60953123433512,42-eu
0.7341347505387433,,0.9656190827906403,1.566090972148022,496.968048073967,0.6777345594845275,,,,pt,240.35987343367688,42-gaze-baseline-dyn
0.4769315637384407,,1.4518874756631668,5.403144122628858,503.44215111338593,0.7218735824980478,,,,pt,243.59692495338635,42-gaze-baseline-stat
0.6020911046279485,0.5776994748996027,4.970798692927384,4.053178545048437,442.7475660310228,0.5754141363588836,0.5446436529575965,,,pt,213.2496324122048,42-pt
1.1883505446197955,1.0669044555028406,0.4617225495723612,0.7150495757864478,439.4788159191234,1.0,,,,pt,211.61525735625509,43-eu
1.047505719901779,,0.3210553256144232,1.0697030846577684,500.2632516309852,1.0,,,,pt,242.007475212186,43-gaze-baseline-dyn
1.4119092899859484,,0.0161925532429983,5.446606038668586,509.6303369489338,1.0,,,,pt,246.69101787116028,43-gaze-baseline-stat
1.0332509432879404,1.0669027217329816,0.884004528216013,0.7150605320646904,453.54147625233014,1.0,1.0,,,pt,218.64658752285845,43-pt
0.1565764123369049,0.1751013179016467,18.664838195554147,17.081780107225107,374.8771462539659,1.0,,,,pt,179.31442252367634,5-eu
0.1969393019648229,,5.221069304320465,2.4444125383921813,455.4349060414342,1.0,,,,pt,219.59330241741048,5-gaze-baseline-dyn
0.404096088637865,,0.5160400441332327,3.929126611244735,505.6077719146001,1.0,,,,pt,244.67973535399344,5-gaze-baseline-stat
0.1473071012888509,0.1750321945665096,24.24474049001915,17.14475078817873,363.11423492842385,0.7983945408195356,1.0,,,pt,173.4329668609053,5-pt
1.015057014176319,1.0111166050513731,2.7884154708633497,2.5971971789674257,229.02085383434598,1.0,,,,pt,106.39966925998282,6-eu
0.9112598464145182,,1.1856059597731707,1.727774765053838,430.9716944150739,0.8666984989954943,,,,pt,207.3750895503468,6-gaze-baseline-dyn
0.6438161735054977,,1.3135345943118344,4.108056738821963,497.30535010000017,0.5557133460430129,,,,pt,240.5419173928099,6-gaze-baseline-stat
0.9563590163695987,0.8615907681102339,3.2352508867660688,5.045087893378423,231.92280780410636,0.915126772007798,0.8411838698897556,,,pt,107.850646244863,6-pt
0.9720561504798096,1.0843453800556602,1.5903722237510427,0.9974613197912648,363.15355728159807,0.9073019114817044,,,,pt,173.45262803749242,7-eu
1.2412553975058298,,0.1353184893629556,0.6740448251009643,491.3102838136978,1.0,,,,pt,237.5309913035423,7-gaze-baseline-dyn
0.9621364196702836,,0.1294944861163136,5.65374942963449,508.3434373673516,0.6606520046260385,,,,pt,246.0475680803692,7-gaze-baseline-stat
0.8612791282815825,0.8148753056489892,3.32121316190747,3.4572620281730004,323.68388744185006,0.8240863988533011,0.7336018129100068,,,pt,153.7177931176184,7-pt
0.163776483765529,0.164932914913272,15.45185885116989,19.145785378750883,382.68269018671094,0.8771014249276026,,,,pt,183.21719449004885,8-eu
0.1764451334316373,,1.7158563665039777,1.2319964964222891,500.3788053607514,1.0,,,,pt,242.0652520770691,8-gaze-baseline-dyn
0.3346132852332703,,0.4378288055782505,4.149588353871193,509.110436550156,1.0,,,,pt,246.4310676717714,8-gaze-baseline-stat
0.1591186006028458,0.1649343020381339,25.874043085915787,19.14808889648113,315.46038492066924,0.8738651684784717,1.0,,,pt,149.606041857028,8-pt
0.281082240384136,0.2621882115973978,11.780311485078034,14.000493906638829,357.4486430334919,0.9289553961287452,,,,pt,170.60017091343934,9-eu
0.2807684100989254,,3.207337368177332,2.888440100239191,470.905652545812,1.0,,,,pt,227.3286756695994,9-gaze-baseline-dyn
0.3931406866566566,,1.366795271876177,9.873668723940826,499.4281706146908,0.7669587703688163,,,,pt,241.5899347040388,9-gaze-baseline-stat
0.2878059804248759,0.2621886114708196,13.987821233723682,14.00044782929071,325.1996664949518,1.0,1.0,,,pt,154.4756826441693,9-pt
,,1.511979807817174,0.5912193573663221,494.68221319860777,,,,,gaze-baseline-stat,244.6330563982017,0-eu
,,3.942265379455538,2.1575953963278645,467.5414765070832,,,,,gaze-baseline-stat,231.0626880524394,0-gaze-baseline-dyn
,,6.101015186199547,6.652314601141089,431.4747149334065,,,,,gaze-baseline-stat,213.02930726560106,0-gaze-baseline-stat
,,1.3616841643816704,0.8282409557904871,495.6397982983473,,,,,gaze-baseline-stat,245.11184894807144,0-pt
,,2.9987695224718505,5.220320524130496,480.25617050824746,,,,,gaze-baseline-stat,237.42003505302154,1-eu
,,5.88515293501038,0.7684205702762748,434.6614817433925,,,,,gaze-baseline-stat,214.62269067059407,1-gaze-baseline-dyn
,,9.59335158617437,8.895561780994154,366.56960483169496,,,,,gaze-baseline-stat,180.57675221474528,1-gaze-baseline-stat
,,4.0431138500544295,5.220323768193317,465.7535598143406,,,,,gaze-baseline-stat,230.1687297060681,1-pt
,,2.640429242585172,15.636891988538746,475.63862885749256,,,,,gaze-baseline-stat,235.11126422764409,10-eu
,,3.4163463989991367,1.4342571464305418,461.6173795155066,,,,,gaze-baseline-stat,228.10063955665112,10-gaze-baseline-dyn
,,5.471008728802551,5.904793452182461,418.2591569041099,,,,,gaze-baseline-stat,206.42152825095275,10-gaze-baseline-stat
,,2.2063588146872664,15.637056112012392,482.4695667033661,,,,,gaze-baseline-stat,238.52673315058087,10-pt
,,1.988204314862676,10.753013320728677,486.5500264140094,,,,,gaze-baseline-stat,240.5669630059025,11-eu
,,6.580962480820204,1.2808586694797828,396.3619506617388,,,,,gaze-baseline-stat,195.4729251297672,11-gaze-baseline-dyn
,,9.905570357020665,8.11208943150071,330.837550348323,,,,,gaze-baseline-stat,162.7107249730593,11-gaze-baseline-stat
,,1.2859959348429555,10.752997283714455,494.17315925948725,,,,,gaze-baseline-stat,244.37852942864143,11-pt
,,2.1005775931511272,13.521899404601356,486.462807704335,,,,,gaze-baseline-stat,240.5233536510653,12-eu
,,4.332860214398016,0.7959444286177371,448.87975519164365,,,,,gaze-baseline-stat,221.73182739471963,12-gaze-baseline-dyn
,,4.612399747284662,5.11531961975141,443.1967935890052,,,,,gaze-baseline-stat,218.8903465934004,12-gaze-baseline-stat
,,1.7348202693262813,13.496066054422936,490.62983151831423,,,,,gaze-baseline-stat,242.60686555805492,12-pt
,,1.9148770014027008,2.7298540109079523,488.27670649139975,,,,,gaze-baseline-stat,241.43030304459768,13-eu
,,6.614519906655855,1.1507883760458113,397.619285213069,,,,,gaze-baseline-stat,196.1015924054323,13-gaze-baseline-dyn
,,8.057285447328075,8.83982466197098,366.6458825990148,,,,,gaze-baseline-stat,180.6148910984052,13-gaze-baseline-stat
,,1.94799080228618,3.37435060358351,487.8852974745297,,,,,gaze-baseline-stat,241.23459853616265,13-pt
,,0.1476585954692365,0.5680517862063825,499.7187404278892,,,,,gaze-baseline-stat,247.1513200128424,14-eu
,,3.7966214137292456,1.2371747197000509,456.15259646453694,,,,,gaze-baseline-stat,225.36824803116627,14-gaze-baseline-dyn
,,4.501749622663514,4.839539285554218,441.304401815462,,,,,gaze-baseline-stat,217.9441507066288,14-gaze-baseline-stat
,,0.0,12.555762869232613,499.7902803048787,,,,,gaze-baseline-stat,247.18708995133716,14-pt
,,0.4922068062786149,8.500983274219447,498.98835607985797,,,,,gaze-baseline-stat,246.7861278388268,15-eu
,,4.3594293243318845,1.2981952621179538,444.48670924460225,,,,,gaze-baseline-stat,219.53530442119893,15-gaze-baseline-dyn
,,6.779831763678943,5.839472097006648,390.44829384096056,,,,,gaze-baseline-stat,192.51609671937808,15-gaze-baseline-stat
,,1.2179827967162116,8.501004908117357,494.8635455868164,,,,,gaze-baseline-stat,244.723722592306,15-pt
,,2.1872910478990866,1.1991017818469196,478.41190347974725,,,,,gaze-baseline-stat,236.49790153877143,16-eu
,,2.624087199724442,2.0801354349738763,469.6171808092332,,,,,gaze-baseline-stat,232.1005402035144,16-gaze-baseline-dyn
,,3.99886238905198,4.998760426100443,435.9919366408289,,,,,gaze-baseline-stat,215.28791811931225,16-gaze-baseline-stat
,,2.2157050545579504,8.439788432393728,477.8769866830514,,,,,gaze-baseline-stat,236.23044314042352,16-pt
,,1.3068764105801165,4.000443846454459,491.9918110990378,,,,,gaze-baseline-stat,243.2878553484167,17-eu
,,3.97385341127496,0.9360759628792892,440.3209529849114,,,,,gaze-baseline-stat,217.4524262913535,17-gaze-baseline-dyn
,,6.973894898957272,7.633593779348207,369.08991854021207,,,,,gaze-baseline-stat,181.83690906900384,17-gaze-baseline-stat
,,1.2722897826607853,11.84493420641816,492.39624874863745,,,,,gaze-baseline-stat,243.49007417321653,17-pt
,,3.664711282352529,12.193105093669988,463.8909495902732,,,,,gaze-baseline-stat,229.2374245940344,18-eu
,,6.054682167940785,0.7912501265320757,417.369021981514,,,,,gaze-baseline-stat,205.9764607896548,18-gaze-baseline-dyn
,,8.878429228995268,8.336874045930232,359.82388760968627,,,,,gaze-baseline-stat,177.20389360374094,18-gaze-baseline-stat
,,3.9514682005847166,19.860678241518315,458.7883609453441,,,,,gaze-baseline-stat,226.68613027156985,18-pt
,,0.931608597525018,0.5516483175253851,497.81996384217365,,,,,gaze-baseline-stat,246.20193171998463,19-eu
,,6.893180272105173,0.937204317818266,418.7827356610264,,,,,gaze-baseline-stat,206.683317629411,19-gaze-baseline-dyn
,,6.187326517275055,7.783433100009985,431.0998021093981,,,,,gaze-baseline-stat,212.84185085359687,19-gaze-baseline-stat
,,1.730066058645251,4.052154605644132,493.0489769597561,,,,,gaze-baseline-stat,243.81643827877585,19-pt
,,3.639890956219978,29.88974349607064,467.3638907137763,,,,,gaze-baseline-stat,230.97389515578595,2-eu
,,4.792003405869107,0.8146748256383369,446.684228428726,,,,,gaze-baseline-stat,220.6340640132608,2-gaze-baseline-dyn
,,6.19553306882924,5.8146260363952535,418.48920099207544,,,,,gaze-baseline-stat,206.53655029493552,2-gaze-baseline-stat
,,2.815188992225618,30.00289283889281,479.8124559422804,,,,,gaze-baseline-stat,237.198177770038,2-pt
,,1.8096415733332245,27.497345129461767,490.41004098239154,,,,,gaze-baseline-stat,242.49697029009357,20-eu
,,2.6652648265819496,3.075966017921422,479.87025948125415,,,,,gaze-baseline-stat,237.22707953952488,20-gaze-baseline-dyn
,,4.522170781353792,4.143555287347708,447.2289602868504,,,,,gaze-baseline-stat,220.906429942323,20-gaze-baseline-stat
,,2.334236932475782,27.574121348221983,484.3604607845397,,,,,gaze-baseline-stat,239.47218019116767,20-pt
,,1.7926007936959991,1.2134934594335964,489.5451538761714,,,,,gaze-baseline-stat,242.0645267369835,21-eu
,,6.4608671545043626,2.5934627854867016,399.47525996671857,,,,,gaze-baseline-stat,197.0295797822571,21-gaze-baseline-dyn
,,8.851649455598908,8.345069234881178,347.5212751795954,,,,,gaze-baseline-stat,171.0525873886955,21-gaze-baseline-stat
,,2.8263781420892835,15.42804920659817,475.07699088867497,,,,,gaze-baseline-stat,234.8304452432353,21-pt
,,0.4723201859269939,8.31490598560876,498.90078047099917,,,,,gaze-baseline-stat,246.7423400343974,22-eu
,,5.175367209630077,1.2829496689911997,416.5591746556205,,,,,gaze-baseline-stat,205.57153712670805,22-gaze-baseline-dyn
,,4.95453917101097,5.309033715327397,421.8246638868178,,,,,gaze-baseline-stat,208.2042817423067,22-gaze-baseline-stat
,,0.7247380418606947,8.314900145040697,497.68526990735637,,,,,gaze-baseline-stat,246.134584752576,22-pt
,,2.844979681230937,0.8797087920141552,477.14298165422264,,,,,gaze-baseline-stat,235.86344062600912,23-eu
,,5.219050836698329,0.9677566666585444,431.5360702985004,,,,,gaze-baseline-stat,213.059984948148,23-gaze-baseline-dyn
,,5.112390027191785,5.407996510497746,433.86161505552866,,,,,gaze-baseline-stat,214.22275732666213,23-gaze-baseline-stat
,,2.7460257782430477,0.8797157788529822,478.6352239718222,,,,,gaze-baseline-stat,236.6095617848089,23-pt
,,2.370637400981632,17.16138928032812,487.3983955069222,,,,,gaze-baseline-stat,240.9911475523589,24-eu
,,4.515722714364455,1.5162564670912744,458.351135501487,,,,,gaze-baseline-stat,226.46751754964131,24-gaze-baseline-dyn
,,7.429306203900047,7.094983856955301,406.05851880933085,,,,,gaze-baseline-stat,200.32120920356323,24-gaze-baseline-stat
,,2.5754665936400785,17.161537070697648,485.24318331209446,,,,,gaze-baseline-stat,239.91354145494503,24-pt
,,1.7949884315575697,6.560475781999901,490.6131325923073,,,,,gaze-baseline-stat,242.59851609505145,26-eu
,,3.1969692528252898,2.692923499682729,471.6931033451287,,,,,gaze-baseline-stat,233.13850147146215,26-gaze-baseline-dyn
,,4.283494605070064,4.477165889601494,452.0966607218123,,,,,gaze-baseline-stat,223.34028015980397,26-gaze-baseline-stat
,,1.3086087637493355,21.755127013623817,494.9078187098814,,,,,gaze-baseline-stat,244.7458591538385,26-pt
,,1.1432152654182424,12.958706197217346,495.9074816889708,,,,,gaze-baseline-stat,245.2456906433832,27-eu
,,5.509215908221566,0.9965818057275536,424.5085489595052,,,,,gaze-baseline-stat,209.5462242786504,27-gaze-baseline-dyn
,,5.218421002267106,4.850291731275704,430.861843976571,,,,,gaze-baseline-stat,212.7228717871833,27-gaze-baseline-stat
,,1.7367590609087855,12.95865250408305,490.873328388678,,,,,gaze-baseline-stat,242.7286139932368,27-pt
,,1.6386284527866266,4.324361161312236,491.6718955694289,,,,,gaze-baseline-stat,243.12789758361225,3-eu
,,5.401041162536468,1.5840047707164235,425.2101623216721,,,,,gaze-baseline-stat,209.89703095973385,3-gaze-baseline-dyn
,,6.9837942986666,7.780741773339563,389.7177233876857,,,,,gaze-baseline-stat,192.15081149274064,3-gaze-baseline-stat
,,2.9754590468056192,50.0,473.8339408045061,,,,,gaze-baseline-stat,234.20892020115085,3-pt
,,1.8508572377133292,20.73271651109641,488.59856537445296,,,,,gaze-baseline-stat,241.59123248612428,30-eu
,,1.8861530561799484,0.6508806205587653,488.17949036312297,,,,,gaze-baseline-stat,241.3816949804593,30-gaze-baseline-dyn
,,1.812120494988418,2.7015870365031667,489.0504674873869,,,,,gaze-baseline-stat,241.81718354259127,30-gaze-baseline-stat
,,0.6428277417649891,20.732720199869952,498.4168190600152,,,,,gaze-baseline-stat,246.5003593289054,30-pt
,,5.274549827946559,49.944977950781926,444.05329021459016,,,,,gaze-baseline-stat,219.31859490619289,31-eu
,,5.764557308941633,3.1569753995395664,435.27468292709057,,,,,gaze-baseline-stat,214.9292912624431,31-gaze-baseline-dyn
,,6.36099165888227,6.992874960679613,424.36863772608837,,,,,gaze-baseline-stat,209.476268661942,31-gaze-baseline-stat
,,4.577947034839901,50.0,456.0545959905078,,,,,gaze-baseline-stat,225.3192477941517,31-pt
,,1.176846300018337,0.8824029077691374,495.96792946919834,,,,,gaze-baseline-stat,245.27591453349697,32-eu
,,1.171818533076309,0.3394967153862513,496.0005150906409,,,,,gaze-baseline-stat,245.29220734421824,32-gaze-baseline-dyn
,,0.7680727606950875,1.3153576653955958,498.16531338481445,,,,,gaze-baseline-stat,246.37460649130503,32-gaze-baseline-stat
,,2.0344481642592145,0.8824016537352948,488.4758627422603,,,,,gaze-baseline-stat,241.52988117002795,32-pt
,,0.0,4.968995843022225,499.7902803048787,,,,,gaze-baseline-stat,247.18708995133716,33-eu
,,3.0124542117010384,0.8763752313685167,477.6306833406491,,,,,gaze-baseline-stat,236.10729146922236,33-gaze-baseline-dyn
,,3.401353316822083,4.559564110340064,471.99827783182997,,,,,gaze-baseline-stat,233.2910887148128,33-gaze-baseline-stat
,,0.0799286036195613,9.176392301461494,499.77413631273976,,,,,gaze-baseline-stat,247.17901795526768,33-pt
,,2.594562032939509,2.7343117443582257,485.5747614059894,,,,,gaze-baseline-stat,240.0793305018925,34-eu
,,3.841766350287442,0.7374192871055655,469.91514405176576,,,,,gaze-baseline-stat,232.2495218247807,34-gaze-baseline-dyn
,,4.497229265721256,5.621322290512603,460.0694588013614,,,,,gaze-baseline-stat,227.3266791995785,34-gaze-baseline-stat
,,2.56158732762402,2.7770622785536223,485.9224355312927,,,,,gaze-baseline-stat,240.25316756454416,34-pt
,,0.4580883039734555,8.589790751985792,498.8248914765393,,,,,gaze-baseline-stat,246.70439553716744,35-eu
,,2.540768492991262,0.4673254192390744,471.049533530738,,,,,gaze-baseline-stat,232.8167165642668,35-gaze-baseline-dyn
,,3.400280178917965,3.1640340408044167,451.1864119741175,,,,,gaze-baseline-stat,222.88515578595656,35-gaze-baseline-stat
,,0.0,8.58980762168464,499.7902803048787,,,,,gaze-baseline-stat,247.18708995133716,35-pt
,,2.4622341718091434,27.648960494814336,473.5063885093721,,,,,gaze-baseline-stat,234.04514405358384,36-eu
,,2.6174536890104108,1.899217831935884,470.310953884994,,,,,gaze-baseline-stat,232.4474267413948,36-gaze-baseline-dyn
,,4.573996958234245,5.775473785538468,422.2217223915382,,,,,gaze-baseline-stat,208.4028109946669,36-gaze-baseline-stat
,,2.180165899248041,27.64898120590922,478.9423981480136,,,,,gaze-baseline-stat,236.7631488729046,36-pt
,,1.3362875614117748,3.4183546967688434,494.35198725810926,,,,,gaze-baseline-stat,244.46794342795243,37-eu
,,4.945227825672705,1.2455861496045533,435.6428100968721,,,,,gaze-baseline-stat,215.11335484733385,37-gaze-baseline-dyn
,,7.87712659521083,6.620788947761238,369.6288917082695,,,,,gaze-baseline-stat,182.10639565303256,37-gaze-baseline-stat
,,1.7693542200499768,47.69048795299546,490.31773228769526,,,,,gaze-baseline-stat,242.45081594274544,37-pt
,,1.9262014688535944,1.428735775356979,491.4152365011563,,,,,gaze-baseline-stat,242.99956804947595,38-eu
,,7.667161326541592,1.1660557525468682,402.9443169178181,,,,,gaze-baseline-stat,198.76410825780687,38-gaze-baseline-dyn
,,7.627855496249187,7.550364703585643,403.65295564751784,,,,,gaze-baseline-stat,199.11842762265672,38-gaze-baseline-stat
,,3.081205522458052,4.034852471878214,479.0805776162024,,,,,gaze-baseline-stat,236.832238606999,38-pt
,,1.6460331124002312,0.0991684207165965,490.89434376645056,,,,,gaze-baseline-stat,242.73912168212308,39-eu
,,3.506619610730259,1.065235901843076,463.5503290716609,,,,,gaze-baseline-stat,229.06711433472825,39-gaze-baseline-dyn
,,4.9988914244327765,5.283236553417951,434.8024960107888,,,,,gaze-baseline-stat,214.6931978042922,39-gaze-baseline-stat
,,0.6078518328366075,0.0991679376206114,498.5698565976288,,,,,gaze-baseline-stat,246.5768780977122,39-pt
,,1.191292339211912,3.026503176054454,494.5708297532978,,,,,gaze-baseline-stat,244.5773646755467,4-eu
,,4.3437173288420245,0.8339318594741514,440.8288613820948,,,,,gaze-baseline-stat,217.7063804899452,4-gaze-baseline-dyn
,,4.187030085070049,4.796546893528863,444.3204878519962,,,,,gaze-baseline-stat,219.4521937248959,4-gaze-baseline-stat
,,0.9959714048805464,3.026507879343053,496.13899058234966,,,,,gaze-baseline-stat,245.36144509007264,4-pt
,,0.2741145302634918,0.7430012248854967,479.64497282845315,,,,,gaze-baseline-stat,237.1348472103845,41-eu
,,4.954084997313258,1.2136785650096904,400.84752310039295,,,,,gaze-baseline-stat,197.7361223463544,41-gaze-baseline-dyn
,,6.1086812183072405,6.0801170949253205,374.1289411129036,,,,,gaze-baseline-stat,184.3768313526097,41-gaze-baseline-stat
,,0.2374011212748681,0.7430014959974113,479.7276062599121,,,,,gaze-baseline-stat,237.17616392611396,41-pt
,,0.0,0.4392965690522843,499.7902803048787,,,,,gaze-baseline-stat,247.18708995133716,42-eu
,,5.260874077555195,1.566090972148022,445.17844659329097,,,,,gaze-baseline-stat,219.8811730955433,42-gaze-baseline-dyn
,,5.42501144469255,5.403144122628858,442.2798748878753,,,,,gaze-baseline-stat,218.43188724283544,42-gaze-baseline-stat
,,0.2338028217979679,4.053178545048437,499.6655934040725,,,,,gaze-baseline-stat,247.12474650093407,42-pt
,,1.7156057329256051,0.7150495757864478,484.74354719177165,,,,,gaze-baseline-stat,239.66372339478363,43-eu
,,4.322931559352497,1.0697030846577684,421.87460227205037,,,,,gaze-baseline-stat,208.229250934923,43-gaze-baseline-dyn
,,5.046559787565601,5.446606038668586,401.3934730369613,,,,,gaze-baseline-stat,197.98868631737847,43-gaze-baseline-stat
,,0.5637469885305295,0.7150605320646904,498.1447178252902,,,,,gaze-baseline-stat,246.3643087115429,43-pt
,,2.033638364247193,17.081780107225107,487.988182153247,,,,,gaze-baseline-stat,241.2860408755213,5-eu
,,3.054775617888701,2.4444125383921813,474.12470081828775,,,,,gaze-baseline-stat,234.35430020804168,5-gaze-baseline-dyn
,,3.471528455687208,3.929126611244735,467.3037125738079,,,,,gaze-baseline-stat,230.94380608580175,5-gaze-baseline-stat
,,1.645422803788405,17.14475078817873,491.9945633547205,,,,,gaze-baseline-stat,243.28923147625807,5-pt
,,2.198169121441185,2.5971971789674257,474.6436341461545,,,,,gaze-baseline-stat,234.6182311873472,6-eu
,,1.9495269078417852,1.727774765053838,478.9438685229769,,,,,gaze-baseline-stat,236.7683483757584,6-gaze-baseline-dyn
,,2.9054847874775964,4.108056738821963,460.26601779065044,,,,,gaze-baseline-stat,227.42942300959515,6-gaze-baseline-stat
,,3.002891030712058,5.045087893378423,458.07096661551316,,,,,gaze-baseline-stat,226.33189742202651,6-pt
,,2.5522083678519927,0.9974613197912648,479.64466818494293,,,,,gaze-baseline-stat,237.11428389136927,7-eu
,,5.414760717418063,0.6740448251009643,423.4812456551686,,,,,gaze-baseline-stat,209.0325726264821,7-gaze-baseline-dyn
,,5.424838356545464,5.65374942963449,423.2571496329927,,,,,gaze-baseline-stat,208.92052461539416,7-gaze-baseline-stat
,,2.077383709952989,3.4572620281730004,486.2370474124563,,,,,gaze-baseline-stat,240.41047350512596,7-pt
,,0.7113623432703656,19.145785378750883,498.5951009612604,,,,,gaze-baseline-stat,246.589500279528,8-eu
,,2.0435499377433426,1.2319964964222891,490.1305423911502,,,,,gaze-baseline-stat,242.3572209944729,8-gaze-baseline-dyn
,,4.806907614333343,4.149588353871193,452.7794354862265,,,,,gaze-baseline-stat,223.68166754201104,8-gaze-baseline-stat
,,0.5664278243091457,19.14808889648113,499.03213232699017,,,,,gaze-baseline-stat,246.8080159623929,8-pt
,,1.4603211815889725,14.000493906638829,491.6881691164302,,,,,gaze-baseline-stat,243.1360343571129,9-eu
,,5.042181781329937,2.888440100239191,427.8452893577528,,,,,gaze-baseline-stat,211.2145944777742,9-gaze-baseline-dyn
,,9.312622778706052,9.873668723940826,343.7766973894893,,,,,gaze-baseline-stat,169.18029849364245,9-gaze-baseline-stat
,,2.580531234237168,14.00044782929071,475.8325289989819,,,,,gaze-baseline-stat,235.20821429838875,9-pt
,,0.0368474349878593,0.5912193573663221,501.1549923867336,,,0.0,,gaze-baseline-dyn,245.1613957911624,0-eu
,,2.568238249440046,2.1575953963278645,184.47771629325683,,,0.3948440431972679,0.4371219799820182,gaze-baseline-dyn,86.822757744424,0-gaze-baseline-dyn
,,0.1550484062096436,6.652314601141089,447.73148195623486,,,0.0,,gaze-baseline-dyn,218.449640575913,0-gaze-baseline-stat
,,0.0324295042628985,0.8282409557904871,502.05551524316724,,,0.0,,gaze-baseline-dyn,245.6116572193792,0-pt
,,0.1640053705132965,5.220320524130496,481.9637554138648,,,0.0137920570773154,,gaze-baseline-dyn,235.565777304728,1-eu
,,0.6057159336401956,0.7684205702762748,382.6984997826621,,,0.0513508887907857,0.0666335736044251,gaze-baseline-dyn,185.93314948912663,1-gaze-baseline-dyn
,,0.3230353603881072,8.895561780994154,423.92266993477386,,,0.0054326603274889,,gaze-baseline-dyn,206.5452345651825,1-gaze-baseline-stat
,,0.2625331983220527,5.220323768193317,478.4813743067986,,,0.0748619819928331,,gaze-baseline-dyn,233.8245867511949,1-pt
,,0.2932864162924463,15.636891988538746,485.21490653159316,,,0.0887123670507255,,gaze-baseline-dyn,237.19135286359216,10-eu
,,1.438798946679981,1.4342571464305418,351.29556139210126,,,0.5781623758337653,0.5159686342734231,gaze-baseline-dyn,170.2316802938462,10-gaze-baseline-dyn
,,0.41320718882379,5.904793452182461,450.6835360166539,,,0.0308892266362956,,gaze-baseline-dyn,219.92566760612252,10-gaze-baseline-stat
,,0.3255350050798072,15.637056112012392,488.6395942681546,,,0.2041262701177182,,gaze-baseline-dyn,238.90369673187288,10-pt
,,0.4220757722085269,10.753013320728677,477.29209106699926,,,0.3544232945498404,,gaze-baseline-dyn,233.2299451312952,11-eu
,,1.505206729403507,1.2808586694797828,252.60693649518348,,,0.1526794858122063,0.1527475913841109,gaze-baseline-dyn,120.88736784538732,11-gaze-baseline-dyn
,,0.3991342005257114,8.11208943150071,407.2791488851128,,,0.0108690007185317,,gaze-baseline-dyn,198.223474040352,11-gaze-baseline-stat
,,0.4701270190286783,10.752997283714455,487.2423805630688,,,0.6985045656087105,,gaze-baseline-dyn,238.20508987933,11-pt
,,0.3160802978934301,13.521899404601356,482.418068292653,,,0.1513319784421992,,gaze-baseline-dyn,235.79293374412208,12-eu
,,0.8555123086101771,0.7959444286177371,366.5674224932416,,,0.1079694939513469,0.1208043081059723,gaze-baseline-dyn,177.8676108444164,12-gaze-baseline-dyn
,,0.2752346416998756,5.11531961975141,458.95615667691027,,,0.0244843552838874,,gaze-baseline-dyn,224.0619779362507,12-gaze-baseline-stat
,,0.2691293801295781,13.496066054422936,501.3926621782013,,,1.0,,gaze-baseline-dyn,245.28023068689623,12-pt
,,0.3492123789138116,2.7298540109079523,469.98225513805716,,,0.2412264299579722,,gaze-baseline-dyn,229.57502716682416,13-eu
,,1.200804937679693,1.1507883760458113,197.8856865863231,,,0.1057551161146228,0.1052070769710376,gaze-baseline-dyn,93.52674289095712,13-gaze-baseline-dyn
,,0.1647695126897227,8.83982466197098,402.28388300323473,,,0.003991677709617,,gaze-baseline-dyn,195.72584109941295,13-gaze-baseline-stat
,,0.6102302443543268,3.37435060358351,481.93485739577187,,,0.8970758132185844,,gaze-baseline-dyn,235.55132829568151,13-pt
,,0.1694764604601366,0.5680517862063825,501.3520182944217,,,0.3714152118308729,,gaze-baseline-dyn,245.25990874500644,14-eu
,,1.0989995424135588,1.2371747197000509,342.9315319697394,,,0.2699479930395776,0.2815793788663611,gaze-baseline-dyn,166.04966558266528,14-gaze-baseline-dyn
,,0.1593052936924248,4.839539285554218,462.4185891118629,,,0.0175334977268053,,gaze-baseline-dyn,225.79319415372703,14-gaze-baseline-stat
,,0.1851442262794006,12.555762869232613,503.21693255262545,,,0.8516270994117189,,gaze-baseline-dyn,246.1923658741083,14-pt
,,0.2452510462246627,8.500983274219447,501.1065905371473,,,0.65642038814251,,gaze-baseline-dyn,245.13719486636924,15-eu
,,1.096942039469775,1.2981952621179538,354.5265597036977,,,0.1952766528898492,0.2759399826905527,gaze-baseline-dyn,171.84717944964444,15-gaze-baseline-dyn
,,0.3667438201802976,5.839472097006648,418.221286846027,,,0.0127410848655043,,gaze-baseline-dyn,203.69454302080908,15-gaze-baseline-stat
,,0.2699172822988054,8.501004908117357,497.95812544000853,,,0.4031114363534384,,gaze-baseline-dyn,243.56296231779984,15-pt
,,0.6913466982994341,1.1991017818469196,468.41031388697365,,,0.7479150282761643,,gaze-baseline-dyn,228.7890565412824,16-eu
,,2.228873551711928,2.0801354349738763,216.80056952964316,,,0.644735878825118,0.5142320497224253,gaze-baseline-dyn,102.98418436261716,16-gaze-baseline-dyn
,,0.5061508324605773,4.998760426100443,487.80821508939334,,,0.8276897099347176,,gaze-baseline-dyn,238.48800714249225,16-gaze-baseline-stat
,,0.6740947100212967,8.439788432393728,453.3557272162979,,,0.5107146621462286,,gaze-baseline-dyn,221.26176320594453,16-pt
,,0.3390138541481348,4.000443846454459,486.2701709280568,,,0.3268679779420974,,gaze-baseline-dyn,237.718985061824,17-eu
,,0.8042023422384739,0.9360759628792892,363.63375970391115,,,0.1324987786330534,0.1174885498503761,gaze-baseline-dyn,176.40077944975116,17-gaze-baseline-dyn
,,0.4129503180568043,7.633593779348207,416.83332300489013,,,0.0272012878303097,,gaze-baseline-dyn,203.00056110024065,17-gaze-baseline-stat
,,0.1370876088018419,11.84493420641816,500.6573361793352,,,0.2010886528695799,,gaze-baseline-dyn,244.91256768746317,17-pt
,,0.3834852543535365,12.193105093669988,454.90576413444035,,,0.1449737896726847,,gaze-baseline-dyn,222.03678166501575,18-eu
,,0.8686263500788552,0.7912501265320757,321.3706467532459,,,0.1154717796681869,0.1204620714743782,gaze-baseline-dyn,155.26922297441854,18-gaze-baseline-dyn
,,0.2697111521128462,8.336874045930232,409.077693023649,,,0.0041887971980334,,gaze-baseline-dyn,199.12274610962007,18-gaze-baseline-stat
,,0.4020942058482852,19.860678241518315,448.1051504262202,,,0.1357934442831469,,gaze-baseline-dyn,218.63647481090567,18-pt
,,0.0466861520599248,0.5516483175253851,502.71452839984903,,,0.0297394800713298,,gaze-baseline-dyn,245.9411637977201,19-eu
,,0.965926836231206,0.937204317818266,328.03522597506395,,,0.1339589081443185,0.125114160665345,gaze-baseline-dyn,158.60151258532755,19-gaze-baseline-dyn
,,0.2072924901387065,7.783433100009985,447.39248407037843,,,0.0142208462907214,,gaze-baseline-dyn,218.2801416329848,19-gaze-baseline-stat
,,0.0370268163398161,4.052154605644132,501.9819794823445,,,0.0,,gaze-baseline-dyn,245.57488933896784,19-pt
,,0.3230122006439842,29.88974349607064,468.7660483664809,,,0.1159220127970022,,gaze-baseline-dyn,228.96692378103603,2-eu
,,0.7969968390998026,0.8146748256383369,374.15106362193825,,,0.1607915166546528,0.1630941932566683,gaze-baseline-dyn,181.6594314087647,2-gaze-baseline-dyn
,,0.2611212395860802,5.8146260363952535,433.9199615985912,,,0.0095227262145566,,gaze-baseline-dyn,211.5438803970912,2-gaze-baseline-stat
,,0.3885894548885007,30.00289283889281,469.177291627813,,,0.1976532115272497,,gaze-baseline-dyn,229.1725454117021,2-pt
,,1.321516015937256,27.497345129461767,393.9368113120953,,,0.8535207972497458,,gaze-baseline-dyn,191.55230525384323,20-eu
,,2.8532038427748296,3.075966017921422,172.04333793044228,,,0.8788052467810957,0.8039126461822602,gaze-baseline-dyn,80.60556856301672,20-gaze-baseline-dyn
,,0.1826834332986984,4.143555287347708,459.21121598284026,,,0.001661207847067,,gaze-baseline-dyn,224.1895075892157,20-gaze-baseline-stat
,,1.1551868265818537,27.574121348221983,407.73611720545574,,,0.7575483860071143,,gaze-baseline-dyn,198.45195820052345,20-pt
,,0.5988337542620012,1.2134934594335964,472.0484753348596,,,0.6858914643102619,,gaze-baseline-dyn,230.60813726522537,21-eu
,,2.983916071031691,2.5934627854867016,108.84253488861405,,,0.566125033740812,0.5031033700376011,gaze-baseline-dyn,49.005167042102606,21-gaze-baseline-dyn
,,0.18427364737329,8.345069234881178,384.05103641634554,,,0.0022234717384821,,gaze-baseline-dyn,186.60941780596835,21-gaze-baseline-stat
,,0.7334982748253106,15.42804920659817,465.1889593510992,,,0.8049288027855229,,gaze-baseline-dyn,227.17837927334517,21-pt
,,0.1787604104787254,8.31490598560876,501.12625410073014,,,0.3608359176216342,,gaze-baseline-dyn,245.14702664816065,22-eu
,,1.3267829498879704,1.2829496689911997,317.59166815517057,,,0.266709836059099,0.2592396456974619,gaze-baseline-dyn,153.37973367538086,22-gaze-baseline-dyn
,,0.2535057789282613,5.309033715327397,451.3841093924057,,,0.0,,gaze-baseline-dyn,220.27595429399844,22-gaze-baseline-stat
,,0.1540940916739516,8.314900145040697,499.5909553063266,,,0.1740479199476881,,gaze-baseline-dyn,244.37937725095887,22-pt
,,0.3255404368334627,0.8797087920141552,463.44124620255724,,,0.07271862197255,,gaze-baseline-dyn,226.3045226990742,23-eu
,,0.9407691926730668,0.9677566666585444,336.92958146834593,,,0.0981222847954358,0.0858932021837362,gaze-baseline-dyn,163.04869033196854,23-gaze-baseline-dyn
,,0.195762327417964,5.407996510497746,455.49165423263764,,,0.0,,gaze-baseline-dyn,222.3297267141144,23-gaze-baseline-stat
,,0.2347051375388452,0.8797157788529822,475.37001935405124,,,0.048430750204542,,gaze-baseline-dyn,232.2689092748212,23-pt
,,0.5675939066175034,17.16138928032812,478.8673787129567,,,0.650615839454142,,gaze-baseline-dyn,234.01758895427392,24-eu
,,1.302418051767455,1.5162564670912744,332.0763968997658,,,0.3329624598562941,0.3721765673895766,gaze-baseline-dyn,160.6220980476785,24-gaze-baseline-dyn
,,0.229066879948183,7.094983856955301,436.19877530844724,,,0.0013129203412624,,gaze-baseline-dyn,212.6832872520192,24-gaze-baseline-stat
,,0.6086114954735908,17.161537070697648,474.43617200821126,,,0.639405807131422,,gaze-baseline-dyn,231.8019856019012,24-pt
,,0.6959051270093168,6.560475781999901,437.1776230652789,,,0.4354412448589607,,gaze-baseline-dyn,213.17271113043503,26-eu
,,2.368819599092851,2.692923499682729,175.18584104843936,,,0.5550219876025849,0.6092765660409754,gaze-baseline-dyn,82.17682012201526,26-gaze-baseline-dyn
,,0.3612458165366727,4.477165889601494,498.23947535966715,,,1.0,,gaze-baseline-dyn,243.70363727762916,26-gaze-baseline-stat
,,0.9704723601355556,21.755127013623817,452.93290743447494,,,1.0,,gaze-baseline-dyn,221.05035331503305,26-pt
,,0.2665272266072711,12.958706197217346,492.5573438665662,,,0.1908468959849195,,gaze-baseline-dyn,240.8625715310787,27-eu
,,0.9912109963994647,0.9965818057275536,344.433730191365,,,0.0914175778326621,0.1145771654856416,gaze-baseline-dyn,166.80076469347807,27-gaze-baseline-dyn
,,0.2561172393342842,4.850291731275704,455.8910368518186,,,0.0,,gaze-baseline-dyn,222.5294180237049,27-gaze-baseline-stat
,,0.4938381804175673,12.95865250408305,468.56230412716343,,,0.2410970197769694,,gaze-baseline-dyn,228.8650516613773,27-pt
,,0.3485763919268665,4.324361161312236,489.21882674076835,,,0.3483467550621656,,gaze-baseline-dyn,239.19331296817975,3-eu
,,1.464228933353758,1.5840047707164235,305.8684831444594,,,0.2912137629502971,0.2999753946530899,gaze-baseline-dyn,147.51814117002527,3-gaze-baseline-dyn
,,0.3913475172896798,7.780741773339563,416.85946366333,,,0.0,,gaze-baseline-dyn,203.0136314294606,3-gaze-baseline-stat
,,0.5267124906266267,50.0,466.9126629771994,,,0.3204450073658614,,gaze-baseline-dyn,228.04023108639527,3-pt
,,0.4666284340189573,20.73271651109641,461.5066599258137,,,0.3019955882078231,,gaze-baseline-dyn,225.33722956070244,30-eu
,,0.6679101504143914,0.6508806205587653,429.75860878855764,,,0.343224803306587,0.2766456047406006,gaze-baseline-dyn,209.4632039920744,30-gaze-baseline-dyn
,,0.0550874968159769,2.7015870365031667,497.6527534627778,,,0.0018341830150534,,gaze-baseline-dyn,243.41027632918448,30-gaze-baseline-stat
,,0.4279702103542999,20.732720199869952,481.0880325031088,,,0.4594417214408636,,gaze-baseline-dyn,235.12791584935,30-pt
,,1.79683965180851,49.944977950781926,316.6369520119803,,,0.8536443094084961,,gaze-baseline-dyn,152.90237560378574,31-eu
,,2.931682120369726,3.1569753995395664,146.70675481188493,,,0.7560875339073324,0.8184594159705266,gaze-baseline-dyn,67.93727700373805,31-gaze-baseline-dyn
,,0.1719723814639677,6.992874960679613,455.5802899624994,,,0.0128499534534508,,gaze-baseline-dyn,222.3740445790453,31-gaze-baseline-stat
,,2.224633411851229,50.0,276.88579463512434,,,1.0,,gaze-baseline-dyn,133.02679691535775,31-pt
,,0.3815865373948024,0.8824029077691374,495.2422340819554,,,0.7507419189293311,,gaze-baseline-dyn,242.2050166387733,32-eu
,,0.3684133267178924,0.3394967153862513,480.4992321182166,,,0.221866653504055,0.2030074222504247,gaze-baseline-dyn,234.83351565690387,32-gaze-baseline-dyn
,,0.245004054719706,1.3153576653955958,500.859191111705,,,0.6876888308861959,,gaze-baseline-dyn,245.01349515364808,32-gaze-baseline-stat
,,0.0731032336816676,0.8824016537352948,490.7675673608666,,,0.0,,gaze-baseline-dyn,239.9676832782289,32-pt
,,0.3052934543323752,4.968995843022225,500.24138889834654,,,0.9919510706132474,,gaze-baseline-dyn,244.70459404696885,33-eu
,,0.9116315940270754,0.8763752313685167,382.9008232773505,,,0.2033328738812842,0.2082658572757343,gaze-baseline-dyn,186.03431123647084,33-gaze-baseline-dyn
,,0.1351121845177502,4.559564110340064,483.2694521496075,,,0.0,,gaze-baseline-dyn,236.21862567259933,33-gaze-baseline-stat
,,0.2117747680579156,9.176392301461494,500.2554224848909,,,0.4188366740951035,,gaze-baseline-dyn,244.71161084024104,33-pt
,,0.2034481758600439,2.7343117443582257,495.89046059357014,,,0.2044210098088572,,gaze-baseline-dyn,242.52912989458065,34-eu
,,0.7884188436971699,0.7374192871055655,404.4162610239307,,,0.2358815445986429,0.17201937724773,gaze-baseline-dyn,196.79203010976093,34-gaze-baseline-dyn
,,0.1747419578929663,5.621322290512603,467.2748054098768,,,0.0193867111055872,,gaze-baseline-dyn,228.221302302734,34-gaze-baseline-stat
,,0.3320324068771886,2.7770622785536223,494.35290197226635,,,0.5015625415699059,,gaze-baseline-dyn,241.76035058392875,34-pt
,,0.1111670794198978,8.589790751985792,503.6379989686114,,,0.4342630122517963,,gaze-baseline-dyn,246.40289908210127,35-eu
,,0.4684460105643543,0.4673254192390744,429.98692739136567,,,0.1112765139375447,0.09299406775341,gaze-baseline-dyn,209.5773632934784,35-gaze-baseline-dyn
,,0.1377215232115512,3.1640340408044167,465.92746433467255,,,0.0,,gaze-baseline-dyn,227.54763176513185,35-gaze-baseline-stat
,,0.2505095166810199,8.58980762168464,501.91230624853023,,,1.0,,gaze-baseline-dyn,245.5400527220607,35-pt
,,0.8445494856334039,27.648960494814336,465.63602629907666,,,1.0,,gaze-baseline-dyn,227.4019127473339,36-eu
,,1.7561219878307743,1.899217831935884,311.59901745644,,,0.7319867862996257,0.7420642945269078,gaze-baseline-dyn,150.38340832601557,36-gaze-baseline-dyn
,,0.2355735347059237,5.775473785538468,458.93569497338734,,,0.0193983907618427,,gaze-baseline-dyn,224.05174708448925,36-gaze-baseline-stat
,,0.6131115498998414,27.64898120590922,484.58342624952974,,,1.0,,gaze-baseline-dyn,236.87561272256045,36-pt
,,0.1124098636702616,3.4183546967688434,489.53796397565014,,,0.0483795094894056,,gaze-baseline-dyn,239.35288158562065,37-eu
,,1.3921212315722369,1.2455861496045533,222.28099327032103,,,0.2155125223825532,0.2108301066039078,gaze-baseline-dyn,105.7243962329561,37-gaze-baseline-dyn
,,0.2206517772027441,6.620788947761238,403.4318370057134,,,0.0113777427807605,,gaze-baseline-dyn,196.2998181006523,37-gaze-baseline-stat
,,0.4923067561002099,47.69048795299546,451.8603804953743,,,0.300789179582782,,gaze-baseline-dyn,220.51408984548272,37-pt
,,0.3168133707343423,1.428735775356979,488.288144465444,,,0.3105921239338868,,gaze-baseline-dyn,238.7279718305176,38-eu
,,1.274226867520426,1.1660557525468682,273.2354437348909,,,0.153928691929955,0.1416949168799935,gaze-baseline-dyn,131.20162146524103,38-gaze-baseline-dyn
,,0.3727600088686031,7.550364703585643,416.7592455856763,,,0.0340908074415143,,gaze-baseline-dyn,202.96352239063373,38-gaze-baseline-stat
,,0.4483579780336433,4.034852471878214,468.0509546093262,,,0.2751001161883528,,gaze-baseline-dyn,228.60937690245868,38-pt
,,0.148795370456022,0.0991684207165965,500.10246793373284,,,0.1048295340567619,,gaze-baseline-dyn,244.635133564662,39-eu
,,1.046586040564126,1.065235901843076,374.8192225828212,,,0.1674397707112755,0.207709940920677,gaze-baseline-dyn,181.9935108892062,39-gaze-baseline-dyn
,,0.3566864292334729,5.283236553417951,460.1467780527957,,,0.034016124671841,,gaze-baseline-dyn,224.65728862419343,39-gaze-baseline-stat
,,0.1551542586847979,0.0991679376206114,500.95647180611684,,,0.1640621405823636,,gaze-baseline-dyn,245.062135500854,39-pt
,,0.234773207704703,3.026503176054454,494.4290989007146,,,0.2700490491846759,,gaze-baseline-dyn,241.7984490481529,4-eu
,,0.8403926387202424,0.8339318594741514,352.7780318383465,,,0.1620402755783716,0.1801812070623283,gaze-baseline-dyn,170.97291551696884,4-gaze-baseline-dyn
,,0.168546215388105,4.796546893528863,465.6249324988306,,,0.0199812015895592,,gaze-baseline-dyn,227.3963658472109,4-gaze-baseline-stat
,,0.107296409318146,3.026507879343053,498.3297932057143,,,0.0786504429665883,,gaze-baseline-dyn,243.74879620065272,4-pt
,,0.0510977231898549,0.7430012248854967,484.9681249382502,,,0.3404994656098537,,gaze-baseline-dyn,237.10878406144093,41-eu
,,1.3068079079404762,1.2136785650096904,271.6206837626246,,,0.2171473086528952,0.217876332495779,gaze-baseline-dyn,130.43506347362813,41-gaze-baseline-dyn
,,0.3689017338964927,6.0801170949253205,415.03187647632416,,,0.03042538941677,,gaze-baseline-dyn,202.14065983047792,41-gaze-baseline-stat
,,0.082238321793506,0.7430014959974113,485.0193974395288,,,1.0,,gaze-baseline-dyn,237.13442031208024,41-pt
,,0.0,0.4392965690522843,505.20638070708316,,,0.0,,gaze-baseline-dyn,247.18708995133716,42-eu
,,1.7676149675783452,1.566090972148022,195.16056222717228,,,0.3011229417057071,0.2848872472100027,gaze-baseline-dyn,92.16418071138172,42-gaze-baseline-dyn
,,0.1591164782806032,5.403144122628858,457.21155732787014,,,0.0091095105567022,,gaze-baseline-dyn,223.18967826173065,42-gaze-baseline-stat
,,0.1054674116050958,4.053178545048437,503.8554917382916,,,0.5076048079841374,,gaze-baseline-dyn,246.5116454669414,42-pt
,,0.3151474844573766,0.7150495757864478,498.06608099805095,,,0.7213271479339854,,gaze-baseline-dyn,243.61694009682105,43-eu
,,1.2531128930200108,1.0697030846577684,288.2105191714158,,,0.1018439583394986,0.0969615955048339,gaze-baseline-dyn,138.68915918350348,43-gaze-baseline-dyn
,,0.3116080091356555,5.446606038668586,438.9116884149058,,,0.0,,gaze-baseline-dyn,214.0397438052485,43-gaze-baseline-stat
,,0.2739332057876357,0.7150605320646904,497.7218727320286,,,0.503605036886645,,gaze-baseline-dyn,243.44483596380988,43-pt
,,0.5099727955468664,17.081780107225107,471.38284633700675,,,0.4300238274521572,,gaze-baseline-dyn,230.27532276629896,5-eu
,,2.41724111114654,2.4444125383921813,190.30806292666978,,,0.5886056600868681,0.6669995009329768,gaze-baseline-dyn,89.73793106113047,5-gaze-baseline-dyn
,,0.1317201160787691,3.929126611244735,468.93675909791494,,,0.0,,gaze-baseline-dyn,229.05227914675305,5-gaze-baseline-stat
,,0.7509735390817555,17.14475078817873,470.43704467907907,,,0.9073056779591429,,gaze-baseline-dyn,229.8024219373351,5-pt
,,1.2739691949306404,2.5971971789674257,412.81733870357687,,,1.0,,gaze-baseline-dyn,201.0014975803283,6-eu
,,1.906513993771867,1.727774765053838,247.6915550237562,,,0.5722238769824969,0.5812110833769366,gaze-baseline-dyn,118.43860574041798,6-gaze-baseline-dyn
,,0.3026087691572381,4.108056738821963,495.99015687865307,,,1.0,,gaze-baseline-dyn,242.5879066678664,6-gaze-baseline-stat
,,1.2159528114115417,5.045087893378423,420.2866283642508,,,1.0,,gaze-baseline-dyn,204.73614241066528,6-pt
,,0.538657976240754,0.9974613197912648,485.2292970975938,,,0.8070232054883788,,gaze-baseline-dyn,237.1985481465925,7-eu
,,0.9285748406313198,0.6740448251009643,309.3611582951839,,,0.1506791216979281,0.1122598810210498,gaze-baseline-dyn,149.26447874538752,7-gaze-baseline-dyn
,,0.1532916992159273,5.65374942963449,444.82964847654426,,,0.0,,gaze-baseline-dyn,216.9987238360677,7-gaze-baseline-stat
,,0.3364619724245555,3.4572620281730004,490.62026513845893,,,0.4556472809368664,,gaze-baseline-dyn,239.89403216702505,7-pt
,,0.2373005800145115,19.145785378750883,500.00546280691566,,,0.5741891064661371,,gaze-baseline-dyn,244.5866310012534,8-eu
,,0.9715249335980092,1.2319964964222891,412.00741049458986,,,0.513107140524441,0.6469389809518697,gaze-baseline-dyn,200.5876048450905,8-gaze-baseline-dyn
,,0.1711517479208355,4.149588353871193,460.2447602987522,,,0.0028710672625965,,gaze-baseline-dyn,224.7062797471717,8-gaze-baseline-stat
,,0.3612406349474306,19.14808889648113,498.2394753610598,,,1.0,,gaze-baseline-dyn,243.7036372783255,8-pt
,,0.7020382758842554,14.000493906638829,478.0076060447612,,,1.0,,gaze-baseline-dyn,233.58770262017617,9-eu
,,2.728371864191007,2.888440100239191,207.96334497007612,,,1.0,0.979996698477823,gaze-baseline-dyn,98.56557208283364,9-gaze-baseline-dyn
,,0.4565076542762241,9.873668723940826,387.4024125202714,,,0.0107250578905878,,gaze-baseline-dyn,188.28510585793128,9-gaze-baseline-stat
,,1.06171093015869,14.00044782929071,442.7731467374429,,,1.0,,gaze-baseline-dyn,215.97047296651704,9-pt
